-- phpMyAdmin SQL Dump
-- version 5.2.0
-- https://www.phpmyadmin.net/
--
-- Host: localhost:3306
-- Generation Time: Dec 17, 2024 at 11:29 AM
-- Server version: 8.0.30
-- PHP Version: 8.1.10

SET SQL_MODE = "NO_AUTO_VALUE_ON_ZERO";
START TRANSACTION;
SET time_zone = "+00:00";


/*!40101 SET @OLD_CHARACTER_SET_CLIENT=@@CHARACTER_SET_CLIENT */;
/*!40101 SET @OLD_CHARACTER_SET_RESULTS=@@CHARACTER_SET_RESULTS */;
/*!40101 SET @OLD_COLLATION_CONNECTION=@@COLLATION_CONNECTION */;
/*!40101 SET NAMES utf8mb4 */;

--
-- Database: `du-an-1`
--

-- --------------------------------------------------------

--
-- Table structure for table `categories`
--

CREATE TABLE `categories` (
  `id` int NOT NULL,
  `cate_name` varchar(255) COLLATE utf8mb4_general_ci NOT NULL,
  `image` varchar(255) COLLATE utf8mb4_general_ci NOT NULL,
  `soft_delete` tinyint(1) NOT NULL DEFAULT '0'
) ENGINE=InnoDB DEFAULT CHARSET=utf8mb4 COLLATE=utf8mb4_general_ci;

--
-- Dumping data for table `categories`
--

INSERT INTO `categories` (`id`, `cate_name`, `image`, `soft_delete`) VALUES
(1, 'Thức ăn cho mèo', '0', 1),
(2, 'Thức ăn cho chó', '0', 1),
(3, 'Con hổ', '1', 1),
(4, 'Con sư tử', '1', 1),
(5, 'dsf', '1', 1),
(6, 'Nệm', 'assets/images/category9bb419c2-43a1-484f-aa22-a2855ab4c05c.webp', 0),
(7, 'Chăn ga', 'assets/images/category6ebf2051-72e9-4c7c-abb6-44701e362f80.webp', 0),
(8, 'Giừờng', 'assets/images/categorygiuong.webp', 0),
(9, 'Gối', 'assets/images/categorygoi.webp', 0),
(10, 'Vệ sinh nệm', 'assets/images/categoryvesinhnem.webp', 0),
(11, 'đasd', '', 1),
(12, 'mẹn mơ', 'assets/images/categoryScreenshot 2024-07-27 225518.png', 0);

-- --------------------------------------------------------

--
-- Table structure for table `comments`
--

CREATE TABLE `comments` (
  `id` int NOT NULL,
  `product_id` int NOT NULL,
  `user_id` int DEFAULT NULL,
  `comment` text COLLATE utf8mb4_general_ci NOT NULL,
  `rating` tinyint NOT NULL,
  `status` tinyint(1) DEFAULT '1',
  `created_at` datetime DEFAULT CURRENT_TIMESTAMP,
  `updated_at` datetime DEFAULT NULL
) ENGINE=InnoDB DEFAULT CHARSET=utf8mb4 COLLATE=utf8mb4_general_ci;

--
-- Dumping data for table `comments`
--

INSERT INTO `comments` (`id`, `product_id`, `user_id`, `comment`, `rating`, `status`, `created_at`, `updated_at`) VALUES
(33, 12, 13, 'hghjkg', 4, 1, '2024-12-04 13:20:54', '2024-12-04 13:20:54'),
(34, 12, 13, 'dsafsad', 4, 1, '2024-12-04 13:28:38', '2024-12-04 13:28:38'),
(35, 4, 6, 'asdsd', 5, 1, '2024-12-04 13:37:50', '2024-12-04 13:37:50'),
(36, 16, 1, 'Bộ chăn ga chun tencel cao cấp Goodnight Airsilk (chỉ bán Online)', 5, 1, '2024-12-05 11:21:48', '2024-12-05 11:21:48'),
(37, 16, 1, 'đasd', 5, 1, '2024-12-05 11:22:57', '2024-12-05 11:22:57'),
(38, 16, 1, 'dsadas', 3, 1, '2024-12-05 11:24:42', '2024-12-05 11:24:42'),
(39, 16, 1, 'đas', 5, 1, '2024-12-05 11:26:59', '2024-12-05 11:26:59'),
(40, 15, 14, 'ưqd', 5, 1, '2024-12-05 11:28:09', '2024-12-05 11:28:09');

-- --------------------------------------------------------

--
-- Table structure for table `orders`
--

CREATE TABLE `orders` (
  `id` int NOT NULL,
  `user_id` int NOT NULL,
  `status` varchar(100) COLLATE utf8mb4_general_ci NOT NULL,
  `payment` varchar(100) COLLATE utf8mb4_general_ci NOT NULL,
  `total_price` decimal(10,2) NOT NULL,
  `created_at` datetime NOT NULL DEFAULT CURRENT_TIMESTAMP COMMENT 'Ngày mua '
) ENGINE=InnoDB DEFAULT CHARSET=utf8mb4 COLLATE=utf8mb4_general_ci;

--
-- Dumping data for table `orders`
--

INSERT INTO `orders` (`id`, `user_id`, `status`, `payment`, `total_price`, `created_at`) VALUES
(1, 3, '1', 'cod', '3702693.00', '2024-11-30 00:22:19'),
(2, 3, '1', 'cod', '4324.00', '2024-11-30 00:22:19'),
(3, 3, '1', 'cod', '4324.00', '2024-11-30 00:22:19'),
(4, 3, '1', 'cod', '24.00', '2024-11-30 00:22:19'),
(5, 3, '1', 'cod', '0.00', '2024-11-30 00:22:19'),
(6, 3, '1', 'cod', '1238555.00', '2024-11-30 00:22:19'),
(7, 3, '1', 'cod', '1234231.00', '2024-11-30 00:22:19'),
(8, 3, '1', 'cod', '12.00', '2024-11-30 00:22:19'),
(9, 3, '1', 'cod', '12.00', '2024-11-30 00:22:19'),
(10, 11, '1', 'cod', '12.00', '2024-11-30 00:22:19'),
(11, 11, '2', 'cod', '2468462.00', '2024-11-30 00:22:19'),
(12, 11, '1', 'cod', '1234231.00', '2024-11-30 00:22:19'),
(13, 6, '1', 'cod', '1234231.00', '2024-11-29 17:26:34'),
(14, 6, '3', 'cod', '2468474.00', '2024-11-29 17:27:10'),
(15, 6, '1', 'cod', '1234231.00', '2024-11-29 17:29:55'),
(16, 6, '1', 'cod', '321323.00', '2024-11-29 17:30:47'),
(17, 6, '1', 'cod', '12.00', '2024-11-30 00:32:14'),
(18, 6, '1', 'cod', '1234231.00', '2024-12-01 16:11:48'),
(19, 6, '1', 'cod', '72.00', '2024-12-01 16:19:41'),
(20, 6, '1', 'cod', '1234231.00', '2024-12-01 16:19:55'),
(21, 6, '2', 'cod', '103213.00', '2024-12-01 16:42:07'),
(22, 6, '4', 'cod', '100000.00', '2024-12-01 16:49:18'),
(23, 12, '2', 'cod', '1434243.00', '2024-12-01 17:56:44'),
(24, 12, '1', 'cod', '800.00', '2024-12-01 23:31:43'),
(26, 9, '1', 'vnpay', '6399000.00', '2024-12-02 22:04:11'),
(27, 9, '1', 'vnpay', '599000.00', '2024-12-02 22:13:57'),
(28, 9, '1', 'vnpay', '9214050.00', '2024-12-02 22:15:04'),
(29, 9, '1', 'cod', '0.00', '2024-12-02 22:15:52'),
(30, 9, '1', 'cod', '2099000.00', '2024-12-02 22:16:04'),
(31, 9, '1', 'cod', '7115500.00', '2024-12-02 22:18:17'),
(32, 9, '1', 'vnpay', '999000.00', '2024-12-03 19:52:47'),
(33, 9, '1', 'vnpay', '2099000.00', '2024-12-03 21:18:05'),
(34, 9, '1', 'vnpay', '2099000.00', '2024-12-03 21:18:40'),
(35, 9, '1', 'vnpay', '2099000.00', '2024-12-03 21:18:45'),
(36, 9, '1', 'vnpay', '2099000.00', '2024-12-03 21:18:53'),
(37, 9, '1', 'vnpay', '2099000.00', '2024-12-03 21:19:20'),
(38, 9, '1', 'vnpay', '2099000.00', '2024-12-03 21:19:36'),
(39, 9, '1', 'vnpay', '2099000.00', '2024-12-03 21:20:31'),
(40, 9, '1', 'vnpay', '2099000.00', '2024-12-03 21:20:54'),
(41, 9, '1', 'vnpay', '2099000.00', '2024-12-03 21:21:25'),
(42, 9, '1', 'vnpay', '2099000.00', '2024-12-03 21:21:44'),
(43, 9, '1', 'vnpay', '2099000.00', '2024-12-03 21:22:39'),
(44, 9, '1', 'vnpay', '2099000.00', '2024-12-03 21:22:51'),
(45, 9, '1', 'vnpay', '2099000.00', '2024-12-03 21:25:40'),
(46, 9, '1', 'vnpay', '2099000.00', '2024-12-03 21:25:43'),
(47, 9, '1', 'vnpay', '2099000.00', '2024-12-03 21:25:48'),
(48, 9, '1', 'vnpay', '2099000.00', '2024-12-03 21:26:33'),
(49, 9, '1', 'vnpay', '2099000.00', '2024-12-03 21:27:51'),
(50, 9, '1', 'vnpay', '2099000.00', '2024-12-03 21:28:34'),
(51, 9, '1', 'vnpay', '2099000.00', '2024-12-03 21:28:58'),
(52, 9, '1', 'vnpay', '2099000.00', '2024-12-03 21:29:17'),
(53, 9, '1', 'vnpay', '2099000.00', '2024-12-03 21:30:08'),
(54, 9, '1', 'vnpay', '2099000.00', '2024-12-03 21:30:17'),
(55, 9, '1', 'vnpay', '2099000.00', '2024-12-03 21:31:03'),
(56, 9, '1', 'vnpay', '2099000.00', '2024-12-03 21:37:41'),
(57, 9, '1', 'vnpay', '2099000.00', '2024-12-03 21:37:55'),
(58, 9, '1', 'vnpay', '2099000.00', '2024-12-03 21:38:00'),
(59, 9, '1', 'vnpay', '2099000.00', '2024-12-03 21:39:31'),
(60, 9, '1', 'vnpay', '2099000.00', '2024-12-03 21:40:08'),
(61, 9, '1', 'vnpay', '2099000.00', '2024-12-03 21:47:39'),
(62, 9, '1', 'vnpay', '2099000.00', '2024-12-03 21:54:09'),
(63, 9, '1', 'vnpay', '2099000.00', '2024-12-03 21:56:40'),
(64, 9, '1', 'vnpay', '2099000.00', '2024-12-04 11:51:46'),
(65, 9, '1', 'vnpay', '2099000.00', '2024-12-04 11:53:24'),
(66, 9, '1', 'vnpay', '2099000.00', '2024-12-04 12:28:39'),
(67, 9, '1', 'vnpay', '2099000.00', '2024-12-04 12:34:12'),
(68, 9, '1', 'vnpay', '2099000.00', '2024-12-04 12:35:10'),
(69, 9, '1', 'vnpay', '2099000.00', '2024-12-04 12:35:18'),
(70, 9, '1', 'vnpay', '2099000.00', '2024-12-04 12:35:27'),
(71, 14, '1', 'vnpay', '389000.00', '2024-12-04 13:12:59'),
(72, 14, '3', 'cod', '389000.00', '2024-12-04 13:13:04'),
(73, 6, '3', 'cod', '13085000.00', '2024-12-04 13:21:07'),
(74, 6, '1', 'vnpay', '9863000.00', '2024-12-04 13:44:16'),
(75, 6, '1', 'vnpay', '9863000.00', '2024-12-04 13:50:07'),
(76, 6, '1', 'vnpay', '9863000.00', '2024-12-04 16:09:54'),
(77, 6, '1', 'vnpay', '9863000.00', '2024-12-04 16:09:56'),
(78, 6, '1', 'vnpay', '9863000.00', '2024-12-04 16:09:57'),
(79, 6, '1', 'vnpay', '9863000.00', '2024-12-04 16:09:57'),
(80, 6, '1', 'vnpay', '9863000.00', '2024-12-04 16:09:57'),
(81, 6, '1', 'vnpay', '9863000.00', '2024-12-04 16:09:57'),
(82, 6, '1', 'vnpay', '9863000.00', '2024-12-04 16:09:57'),
(83, 6, '1', 'vnpay', '9863000.00', '2024-12-04 16:09:57'),
(84, 6, '1', 'vnpay', '9863000.00', '2024-12-04 16:09:58'),
(85, 6, '1', 'vnpay', '9863000.00', '2024-12-04 16:09:58'),
(86, 6, '1', 'vnpay', '9863000.00', '2024-12-04 16:09:58'),
(87, 6, '1', 'vnpay', '9863000.00', '2024-12-04 16:09:58'),
(88, 6, '1', 'cod', '9863000.00', '2024-12-04 16:10:01'),
(89, 6, '1', 'vnpay', '0.00', '2024-12-04 16:10:05'),
(90, 6, '1', 'vnpay', '0.00', '2024-12-04 16:10:05'),
(91, 6, '1', 'vnpay', '0.00', '2024-12-04 16:10:05'),
(92, 6, '1', 'vnpay', '0.00', '2024-12-04 16:10:05'),
(93, 6, '1', 'vnpay', '0.00', '2024-12-04 16:10:05'),
(94, 6, '1', 'vnpay', '0.00', '2024-12-04 16:10:06'),
(95, 6, '1', 'vnpay', '0.00', '2024-12-04 16:10:06'),
(96, 6, '1', 'vnpay', '0.00', '2024-12-04 16:10:06'),
(97, 6, '1', 'vnpay', '0.00', '2024-12-04 16:10:06'),
(98, 6, '1', 'vnpay', '0.00', '2024-12-04 16:10:06'),
(99, 6, '1', 'vnpay', '0.00', '2024-12-04 16:10:06'),
(100, 6, '1', 'vnpay', '0.00', '2024-12-04 16:10:06'),
(101, 6, '1', 'momo', '0.00', '2024-12-04 16:10:16'),
(102, 6, '1', 'vnpay', '999000.00', '2024-12-04 16:10:52'),
(103, 6, '1', 'vnpay', '999000.00', '2024-12-04 16:10:52'),
(104, 6, '1', 'vnpay', '999000.00', '2024-12-04 16:10:53'),
(105, 6, '1', 'vnpay', '999000.00', '2024-12-04 16:10:53'),
(106, 6, '1', 'vnpay', '999000.00', '2024-12-04 16:10:53'),
(107, 6, '1', 'vnpay', '999000.00', '2024-12-04 16:10:53'),
(108, 6, '1', 'vnpay', '999000.00', '2024-12-04 16:10:53'),
(109, 6, '1', 'vnpay', '999000.00', '2024-12-04 16:10:53'),
(110, 6, '1', 'vnpay', '999000.00', '2024-12-04 16:10:54'),
(111, 6, '1', 'vnpay', '999000.00', '2024-12-04 16:10:54'),
(112, 6, '1', 'vnpay', '999000.00', '2024-12-04 16:10:54'),
(113, 6, '1', 'vnpay', '999000.00', '2024-12-04 16:10:54'),
(114, 6, '1', 'vnpay', '999000.00', '2024-12-04 16:10:54'),
(115, 6, '1', 'vnpay', '999000.00', '2024-12-04 16:10:54'),
(116, 6, '1', 'vnpay', '999000.00', '2024-12-04 16:10:54'),
(117, 6, '1', 'vnpay', '999000.00', '2024-12-04 16:10:55'),
(118, 6, '1', 'vnpay', '999000.00', '2024-12-04 16:10:55'),
(119, 6, '1', 'vnpay', '999000.00', '2024-12-04 16:10:55'),
(120, 6, '1', 'vnpay', '3996000.00', '2024-12-04 16:11:03'),
(121, 6, '1', 'vnpay', '3996000.00', '2024-12-04 16:11:04'),
(122, 6, '1', 'vnpay', '3996000.00', '2024-12-04 16:11:04'),
(123, 6, '1', 'vnpay', '3996000.00', '2024-12-04 16:11:04'),
(124, 6, '1', 'vnpay', '3996000.00', '2024-12-04 16:11:04'),
(125, 6, '1', 'vnpay', '3996000.00', '2024-12-04 16:11:04'),
(126, 6, '1', 'vnpay', '3996000.00', '2024-12-04 16:11:04'),
(127, 6, '1', 'vnpay', '3996000.00', '2024-12-04 16:11:50'),
(128, 6, '1', 'vnpay', '3996000.00', '2024-12-04 16:11:51'),
(129, 6, '1', 'vnpay', '3996000.00', '2024-12-04 16:11:51'),
(130, 6, '1', 'vnpay', '3996000.00', '2024-12-04 16:11:56'),
(131, 6, '1', 'vnpay', '3996000.00', '2024-12-04 16:12:02'),
(132, 6, '1', 'vnpay', '3996000.00', '2024-12-04 16:12:03'),
(133, 6, '1', 'vnpay', '3996000.00', '2024-12-04 16:12:03'),
(134, 6, '1', 'vnpay', '3996000.00', '2024-12-04 16:12:03'),
(135, 6, '1', 'vnpay', '3996000.00', '2024-12-04 16:12:03'),
(136, 6, '1', 'vnpay', '3996000.00', '2024-12-04 16:12:03'),
(137, 6, '1', 'vnpay', '3996000.00', '2024-12-04 16:12:04'),
(138, 6, '1', 'vnpay', '3996000.00', '2024-12-04 16:12:04'),
(139, 6, '1', 'vnpay', '3996000.00', '2024-12-04 16:12:04'),
(140, 6, '1', 'vnpay', '3996000.00', '2024-12-04 16:12:04'),
(141, 6, '1', 'vnpay', '3996000.00', '2024-12-04 16:12:04'),
(142, 6, '1', 'vnpay', '3996000.00', '2024-12-04 16:12:04'),
(143, 6, '1', 'vnpay', '3996000.00', '2024-12-04 16:12:11'),
(144, 6, '1', 'vnpay', '3996000.00', '2024-12-04 16:12:12'),
(145, 6, '1', 'vnpay', '3996000.00', '2024-12-04 16:12:12'),
(146, 6, '1', 'vnpay', '3996000.00', '2024-12-04 16:12:12'),
(147, 6, '1', 'vnpay', '3996000.00', '2024-12-04 16:12:19'),
(148, 6, '1', 'vnpay', '3996000.00', '2024-12-04 16:12:21'),
(149, 6, '1', 'vnpay', '3996000.00', '2024-12-04 16:12:21'),
(150, 6, '1', 'vnpay', '3996000.00', '2024-12-04 16:12:21'),
(151, 6, '1', 'vnpay', '3996000.00', '2024-12-04 16:12:22'),
(152, 6, '1', 'vnpay', '3996000.00', '2024-12-04 16:12:22'),
(153, 6, '1', 'vnpay', '3996000.00', '2024-12-04 16:12:38'),
(154, 6, '1', 'vnpay', '3996000.00', '2024-12-04 16:12:39'),
(155, 6, '1', 'vnpay', '3996000.00', '2024-12-04 16:12:39'),
(156, 6, '1', 'vnpay', '3996000.00', '2024-12-04 16:12:39'),
(157, 6, '1', 'vnpay', '3996000.00', '2024-12-04 16:16:46'),
(158, 6, '1', 'cod', '3996000.00', '2024-12-04 16:39:39'),
(159, 6, '1', 'vnpay', '0.00', '2024-12-04 16:40:01'),
(160, 6, '1', 'vnpay', '389000.00', '2024-12-04 16:40:18'),
(161, 6, '1', 'vnpay', '389000.00', '2024-12-04 16:42:24'),
(162, 6, '1', 'vnpay', '389000.00', '2024-12-04 16:44:46'),
(163, 1, '1', 'vnpay', '14231000.00', '2024-12-04 17:13:17'),
(164, 1, '1', 'vnpay', '14231000.00', '2024-12-04 17:22:46'),
(165, 1, '1', 'vnpay', '14231000.00', '2024-12-04 17:26:30'),
(166, 1, '1', 'vnpay', '14231000.00', '2024-12-04 17:30:29'),
(167, 6, '1', 'vnpay', '389000.00', '2024-12-04 17:35:03'),
(168, 6, '1', 'vnpay', '389000.00', '2024-12-04 17:55:30'),
(169, 6, '1', 'vnpay', '389000.00', '2024-12-04 17:56:51'),
(170, 6, '1', 'vnpay', '389000.00', '2024-12-04 17:58:07'),
(171, 6, '1', 'vnpay', '389000.00', '2024-12-04 18:04:11'),
(172, 6, '1', 'vnpay', '389000.00', '2024-12-04 18:09:55'),
(173, 6, '1', 'vnpay', '389000.00', '2024-12-04 19:01:06'),
(174, 6, '1', 'vnpay', '389000.00', '2024-12-04 19:06:31'),
(175, 6, '1', 'vnpay', '389000.00', '2024-12-04 19:06:46'),
(176, 6, '1', 'vnpay', '389000.00', '2024-12-04 19:17:34'),
(177, 6, '1', 'vnpay', '389000.00', '2024-12-04 19:17:59'),
(178, 6, '1', 'vnpay', '389000.00', '2024-12-04 19:21:22'),
(179, 6, '1', 'vnpay', '389000.00', '2024-12-04 19:21:42'),
(180, 6, '1', 'vnpay', '389000.00', '2024-12-04 19:22:37'),
(181, 6, '1', 'vnpay', '389000.00', '2024-12-04 19:31:15'),
(182, 6, '1', 'vnpay', '389000.00', '2024-12-04 19:31:17'),
(183, 6, '1', 'vnpay', '389000.00', '2024-12-04 19:31:35'),
(184, 6, '1', 'vnpay', '389000.00', '2024-12-04 19:31:46'),
(185, 6, '1', 'vnpay', '389000.00', '2024-12-04 19:31:57'),
(186, 6, '1', 'cod', '389000.00', '2024-12-04 19:32:01'),
(187, 6, '1', 'vnpay', '0.00', '2024-12-04 19:32:13'),
(188, 6, '1', 'vnpay', '0.00', '2024-12-04 19:32:56'),
(189, 6, '1', 'vnpay', '4198000.00', '2024-12-04 19:33:19'),
(190, 6, '3', 'vnpay', '4198000.00', '2024-12-04 19:47:08'),
(191, 6, '1', 'vnpay', '4198000.00', '2024-12-04 20:07:38'),
(192, 6, '1', 'vnpay', '12792050.00', '2024-12-04 20:34:14'),
(193, 6, '1', 'cod', '599000.00', '2024-12-04 20:36:13'),
(194, 6, '1', 'cod', '599000.00', '2024-12-04 20:42:29'),
(195, 6, '1', 'cod', '999000.00', '2024-12-04 20:42:57'),
(196, 6, '1', 'cod', '999000.00', '2024-12-04 20:44:00'),
(197, 6, '1', 'cod', '0.00', '2024-12-04 20:44:47'),
(198, 6, '1', 'cod', '0.00', '2024-12-04 20:44:49'),
(199, 6, '1', 'cod', '0.00', '2024-12-04 20:45:37'),
(200, 6, '1', 'cod', '7504050.00', '2024-12-04 20:55:29'),
(201, 6, '4', 'cod', '999000.00', '2024-12-04 20:56:08'),
(202, 6, '1', 'vnpay', '0.00', '2024-12-04 20:58:55'),
(203, 6, '1', 'vnpay', '7504050.00', '2024-12-04 20:59:10'),
(204, 13, '1', 'vnpay', '389000.00', '2024-12-04 21:06:01'),
(205, 15, '1', 'vnpay', '399000.00', '2024-12-04 21:10:25'),
(206, 15, '1', 'vnpay', '399000.00', '2024-12-04 21:10:39'),
(207, 16, '1', 'vnpay', '10612500.00', '2024-12-05 10:40:28'),
(208, 1, '1', 'cod', '999000.00', '2024-12-05 11:21:18'),
(209, 1, '1', 'vnpay', '0.00', '2024-12-05 11:36:02'),
(210, 1, '1', 'cod', '0.00', '2024-12-05 11:36:10'),
(211, 1, '1', 'cod', '0.00', '2024-12-05 11:36:23'),
(212, 1, '1', 'cod', '0.00', '2024-12-05 11:38:13'),
(213, 1, '1', 'cod', '389000.00', '2024-12-05 11:53:57'),
(214, 1, '1', 'cod', '6779000.00', '2024-12-05 11:55:43'),
(215, 1, '1', 'cod', '389000.00', '2024-12-05 12:16:52'),
(216, 1, '1', 'cod', '389000.00', '2024-12-05 12:18:25'),
(217, 1, '1', 'cod', '389000.00', '2024-12-05 12:18:34'),
(218, 1, '1', 'cod', '389000.00', '2024-12-05 12:18:46'),
(219, 1, '1', 'cod', '999000.00', '2024-12-05 12:19:23'),
(220, 1, '1', 'vnpay', '0.00', '2024-12-05 12:19:38'),
(221, 1, '1', 'cod', '7893500.00', '2024-12-05 12:21:10'),
(222, 1, '1', 'cod', '7893500.00', '2024-12-05 12:22:08'),
(223, 1, '1', 'cod', '7893500.00', '2024-12-05 12:22:33'),
(224, 1, '1', 'cod', '7893500.00', '2024-12-05 12:24:33'),
(225, 1, '1', 'cod', '999000.00', '2024-12-05 12:25:07'),
(226, 1, '1', 'cod', '7115500.00', '2024-12-05 12:26:15'),
(227, 1, '1', 'cod', '1556000.00', '2024-12-05 12:27:36'),
(228, 1, '1', 'cod', '6912000.00', '2024-12-05 12:30:15'),
(229, 1, '1', 'cod', '6048000.00', '2024-12-05 12:31:05'),
(230, 14, '1', 'cod', '389000.00', '2024-12-05 12:43:26'),
(231, 14, '1', 'cod', '0.00', '2024-12-05 12:44:36'),
(232, 14, '1', 'vnpay', '7115500.00', '2024-12-05 12:45:03'),
(233, 14, '1', 'cod', '0.00', '2024-12-05 12:45:44'),
(234, 14, '1', 'cod', '0.00', '2024-12-05 12:46:05'),
(235, 14, '1', 'cod', '0.00', '2024-12-05 12:46:20'),
(236, 14, '1', 'cod', '0.00', '2024-12-05 12:47:18'),
(237, 14, '1', 'cod', '0.00', '2024-12-05 12:48:50'),
(238, 14, '1', 'cod', '0.00', '2024-12-05 12:48:58'),
(239, 14, '1', 'cod', '0.00', '2024-12-05 12:50:01'),
(240, 14, '1', 'cod', '0.00', '2024-12-05 12:51:22'),
(241, 14, '1', 'cod', '0.00', '2024-12-05 12:52:29'),
(242, 14, '1', 'cod', '0.00', '2024-12-05 12:54:12'),
(243, 14, '1', 'cod', '0.00', '2024-12-05 12:55:06'),
(244, 14, '1', 'cod', '0.00', '2024-12-05 12:55:30'),
(245, 14, '1', 'cod', '0.00', '2024-12-05 12:56:09'),
(246, 14, '1', 'cod', '399000.00', '2024-12-05 13:33:40'),
(247, 14, '1', 'cod', '399000.00', '2024-12-05 13:34:10'),
(248, 14, '1', 'cod', '1999600.00', '2024-12-05 13:34:34'),
(249, 14, '1', 'vnpay', '999000.00', '2024-12-05 13:34:48'),
(250, 14, '1', 'cod', '0.00', '2024-12-05 13:37:06'),
(251, 14, '1', 'cod', '389000.00', '2024-12-05 13:37:10'),
(252, 14, '1', 'cod', '6390000.00', '2024-12-05 13:37:21'),
(253, 14, '1', 'vnpay', '6390000.00', '2024-12-05 13:37:34'),
(254, 1, '1', 'cod', '389000.00', '2024-12-05 14:05:39'),
(255, 1, '1', 'cod', '6390000.00', '2024-12-05 14:06:27'),
(256, 1, '1', 'cod', '0.00', '2024-12-05 14:06:33'),
(257, 1, '1', 'cod', '999000.00', '2024-12-05 14:07:27'),
(258, 1, '1', 'cod', '999000.00', '2024-12-05 14:07:54'),
(259, 1, '1', 'cod', '0.00', '2024-12-05 14:07:58'),
(260, 1, '1', 'cod', '0.00', '2024-12-05 14:08:00'),
(261, 1, '1', 'cod', '999000.00', '2024-12-05 14:09:17'),
(262, 1, '1', 'cod', '389000.00', '2024-12-05 14:09:29'),
(263, 1, '1', 'cod', '389000.00', '2024-12-05 14:10:17'),
(264, 1, '1', 'cod', '1998000.00', '2024-12-05 14:11:05'),
(265, 1, '1', 'cod', '1998000.00', '2024-12-05 14:14:18'),
(266, 1, '1', 'cod', '12780000.00', '2024-12-05 14:15:46'),
(267, 1, '1', 'cod', '31950000.00', '2024-12-05 14:16:05'),
(268, 1, '1', 'cod', '39065500.00', '2024-12-05 14:17:40'),
(269, 1, '1', 'cod', '51845500.00', '2024-12-05 14:22:40'),
(270, 14, '1', 'cod', '389000.00', '2024-12-05 14:23:08'),
(271, 14, '1', 'cod', '7115500.00', '2024-12-05 14:23:23'),
(272, 14, '1', 'cod', '28462000.00', '2024-12-05 14:23:42'),
(273, 14, '1', 'cod', '499000.00', '2024-12-05 14:37:00'),
(274, 14, '1', 'cod', '7115500.00', '2024-12-05 14:46:05'),
(275, 14, '1', 'cod', '389000.00', '2024-12-05 14:46:14'),
(276, 1, '1', 'cod', '999000.00', '2024-12-05 17:29:00'),
(277, 1, '1', 'vnpay', '7115500.00', '2024-12-05 18:03:45'),
(278, 1, '1', 'vnpay', '7115500.00', '2024-12-05 18:08:40'),
(279, 1, '1', 'cod', '18343600.00', '2024-12-05 18:19:25'),
(280, 1, '1', 'vnpay', '24482550.00', '2024-12-05 18:22:50'),
(281, 1, '1', 'vnpay', '30872550.00', '2024-12-05 18:25:01'),
(282, 1, '1', 'cod', '38376600.00', '2024-12-05 18:26:38'),
(283, 1, '1', 'vnpay', '2997000.00', '2024-12-05 18:27:12'),
(284, 1, '1', 'vnpay', '389000.00', '2024-12-05 18:29:21'),
(285, 1, '1', 'vnpay', '25833200.00', '2024-12-05 18:30:47'),
(286, 1, '1', 'vnpay', '25833200.00', '2024-12-05 18:32:55');

-- --------------------------------------------------------

--
-- Table structure for table `order_details`
--

CREATE TABLE `order_details` (
  `id` int NOT NULL,
  `order_id` int NOT NULL,
  `product_id` int NOT NULL,
  `price` bigint NOT NULL,
  `quantity` int NOT NULL
) ENGINE=InnoDB DEFAULT CHARSET=utf8mb4 COLLATE=utf8mb4_general_ci;

--
-- Dumping data for table `order_details`
--

INSERT INTO `order_details` (`id`, `order_id`, `product_id`, `price`, `quantity`) VALUES
(1, 1, 15, 1234231, 1),
(2, 1, 14, 1234231, 1),
(3, 1, 12, 1234231, 1),
(4, 2, 2, 4324, 1),
(5, 3, 2, 4324, 1),
(6, 4, 16, 12, 2),
(7, 6, 13, 1234231, 1),
(8, 6, 2, 4324, 1),
(9, 7, 12, 1234231, 1),
(10, 8, 16, 12, 1),
(11, 9, 16, 12, 1),
(18, 14, 14, 1234231, 1),
(19, 14, 16, 12, 1),
(20, 15, 15, 1234231, 1),
(21, 16, 17, 321323, 1),
(22, 17, 16, 12, 1),
(23, 18, 12, 1234231, 1),
(24, 19, 16, 12, 6),
(25, 20, 15, 1234231, 1),
(26, 21, 7, 3213, 1),
(27, 21, 1, 100000, 1),
(28, 22, 1, 100000, 1),
(29, 23, 16, 12, 1),
(30, 23, 11, 1234231, 1),
(31, 23, 1, 100000, 2),
(32, 24, 5, 800, 1),
(33, 25, 16, 999000, 1),
(34, 25, 15, 389000, 1),
(35, 26, 16, 999000, 1),
(36, 26, 2, 5400000, 1),
(37, 27, 17, 599000, 1),
(38, 28, 13, 9214050, 1),
(39, 30, 1, 2099000, 1),
(40, 31, 11, 7115500, 1),
(41, 32, 16, 999000, 1),
(42, 33, 1, 2099000, 1),
(43, 34, 1, 2099000, 1),
(44, 35, 1, 2099000, 1),
(45, 36, 1, 2099000, 1),
(46, 37, 1, 2099000, 1),
(47, 38, 1, 2099000, 1),
(48, 39, 1, 2099000, 1),
(49, 40, 1, 2099000, 1),
(50, 41, 1, 2099000, 1),
(51, 42, 1, 2099000, 1),
(52, 43, 1, 2099000, 1),
(53, 44, 1, 2099000, 1),
(54, 45, 1, 2099000, 1),
(55, 46, 1, 2099000, 1),
(56, 47, 1, 2099000, 1),
(57, 48, 1, 2099000, 1),
(58, 49, 1, 2099000, 1),
(59, 50, 1, 2099000, 1),
(60, 51, 1, 2099000, 1),
(61, 52, 1, 2099000, 1),
(62, 53, 1, 2099000, 1),
(63, 54, 1, 2099000, 1),
(64, 55, 1, 2099000, 1),
(65, 56, 1, 2099000, 1),
(66, 57, 1, 2099000, 1),
(67, 58, 1, 2099000, 1),
(68, 59, 1, 2099000, 1),
(69, 60, 1, 2099000, 1),
(70, 61, 1, 2099000, 1),
(71, 62, 1, 2099000, 1),
(72, 63, 1, 2099000, 1),
(73, 64, 1, 2099000, 1),
(74, 65, 1, 2099000, 1),
(75, 66, 1, 2099000, 1),
(76, 67, 1, 2099000, 1),
(77, 68, 1, 2099000, 1),
(78, 69, 1, 2099000, 1),
(79, 70, 1, 2099000, 1),
(80, 71, 15, 389000, 1),
(81, 72, 15, 389000, 1),
(82, 73, 1, 2099000, 1),
(83, 73, 3, 8999000, 1),
(84, 73, 17, 599000, 1),
(85, 73, 16, 999000, 1),
(86, 73, 15, 389000, 1),
(87, 74, 3, 8999000, 1),
(88, 74, 4, 864000, 1),
(89, 75, 3, 8999000, 1),
(90, 75, 4, 864000, 1),
(91, 76, 3, 8999000, 1),
(92, 76, 4, 864000, 1),
(93, 77, 3, 8999000, 1),
(94, 77, 4, 864000, 1),
(95, 78, 3, 8999000, 1),
(96, 78, 4, 864000, 1),
(97, 79, 3, 8999000, 1),
(98, 79, 4, 864000, 1),
(99, 80, 3, 8999000, 1),
(100, 80, 4, 864000, 1),
(101, 81, 3, 8999000, 1),
(102, 81, 4, 864000, 1),
(103, 82, 3, 8999000, 1),
(104, 82, 4, 864000, 1),
(105, 83, 3, 8999000, 1),
(106, 83, 4, 864000, 1),
(107, 84, 3, 8999000, 1),
(108, 84, 4, 864000, 1),
(109, 85, 3, 8999000, 1),
(110, 85, 4, 864000, 1),
(111, 86, 3, 8999000, 1),
(112, 86, 4, 864000, 1),
(113, 87, 3, 8999000, 1),
(114, 87, 4, 864000, 1),
(115, 88, 3, 8999000, 1),
(116, 88, 4, 864000, 1),
(117, 102, 16, 999000, 1),
(118, 103, 16, 999000, 1),
(119, 104, 16, 999000, 1),
(120, 105, 16, 999000, 1),
(121, 106, 16, 999000, 1),
(122, 107, 16, 999000, 1),
(123, 108, 16, 999000, 1),
(124, 109, 16, 999000, 1),
(125, 110, 16, 999000, 1),
(126, 111, 16, 999000, 1),
(127, 112, 16, 999000, 1),
(128, 113, 16, 999000, 1),
(129, 114, 16, 999000, 1),
(130, 115, 16, 999000, 1),
(131, 116, 16, 999000, 1),
(132, 117, 16, 999000, 1),
(133, 118, 16, 999000, 1),
(134, 119, 16, 999000, 1),
(135, 120, 16, 999000, 4),
(136, 121, 16, 999000, 4),
(137, 122, 16, 999000, 4),
(138, 123, 16, 999000, 4),
(139, 124, 16, 999000, 4),
(140, 125, 16, 999000, 4),
(141, 126, 16, 999000, 4),
(142, 127, 16, 999000, 4),
(143, 128, 16, 999000, 4),
(144, 129, 16, 999000, 4),
(145, 130, 16, 999000, 4),
(146, 131, 16, 999000, 4),
(147, 132, 16, 999000, 4),
(148, 133, 16, 999000, 4),
(149, 134, 16, 999000, 4),
(150, 135, 16, 999000, 4),
(151, 136, 16, 999000, 4),
(152, 137, 16, 999000, 4),
(153, 138, 16, 999000, 4),
(154, 139, 16, 999000, 4),
(155, 140, 16, 999000, 4),
(156, 141, 16, 999000, 4),
(157, 142, 16, 999000, 4),
(158, 143, 16, 999000, 4),
(159, 144, 16, 999000, 4),
(160, 145, 16, 999000, 4),
(161, 146, 16, 999000, 4),
(162, 147, 16, 999000, 4),
(163, 148, 16, 999000, 4),
(164, 149, 16, 999000, 4),
(165, 150, 16, 999000, 4),
(166, 151, 16, 999000, 4),
(167, 152, 16, 999000, 4),
(168, 153, 16, 999000, 4),
(169, 154, 16, 999000, 4),
(170, 155, 16, 999000, 4),
(171, 156, 16, 999000, 4),
(172, 157, 16, 999000, 4),
(173, 158, 16, 999000, 4),
(174, 160, 15, 389000, 1),
(175, 161, 15, 389000, 1),
(176, 162, 15, 389000, 1),
(177, 163, 11, 7115500, 2),
(178, 164, 11, 7115500, 2),
(179, 165, 11, 7115500, 2),
(180, 166, 11, 7115500, 2),
(181, 167, 15, 389000, 1),
(182, 168, 15, 389000, 1),
(183, 169, 15, 389000, 1),
(184, 170, 15, 389000, 1),
(185, 171, 15, 389000, 1),
(186, 172, 15, 389000, 1),
(187, 173, 15, 389000, 1),
(188, 174, 15, 389000, 1),
(189, 175, 15, 389000, 1),
(190, 176, 15, 389000, 1),
(191, 177, 15, 389000, 1),
(192, 178, 15, 389000, 1),
(193, 179, 15, 389000, 1),
(194, 180, 15, 389000, 1),
(195, 181, 15, 389000, 1),
(196, 182, 15, 389000, 1),
(197, 183, 15, 389000, 1),
(198, 184, 15, 389000, 1),
(199, 185, 15, 389000, 1),
(200, 186, 15, 389000, 1),
(201, 189, 1, 2099000, 2),
(202, 190, 1, 2099000, 2),
(203, 191, 1, 2099000, 2),
(204, 192, 16, 999000, 1),
(205, 192, 12, 7504050, 1),
(206, 192, 15, 389000, 10),
(207, 192, 5, 399000, 1),
(208, 193, 17, 599000, 1),
(209, 194, 17, 599000, 1),
(210, 195, 16, 999000, 1),
(211, 196, 16, 999000, 1),
(212, 200, 12, 7504050, 1),
(213, 201, 16, 999000, 1),
(214, 203, 12, 7504050, 1),
(215, 204, 15, 389000, 1),
(216, 205, 5, 399000, 1),
(217, 206, 5, 399000, 1),
(218, 207, 16, 999000, 1),
(219, 207, 5, 399000, 1),
(220, 207, 1, 2099000, 1),
(221, 207, 11, 7115500, 1),
(222, 208, 16, 999000, 1),
(223, 213, 0, 389000, 1),
(224, 214, 0, 389000, 1),
(225, 215, 0, 389000, 1),
(226, 216, 0, 389000, 1),
(227, 217, 0, 389000, 1),
(228, 218, 0, 389000, 1),
(229, 219, 16, 999000, 1),
(230, 221, 0, 389000, 1),
(231, 222, 0, 389000, 1),
(232, 223, 0, 389000, 1),
(233, 224, 0, 389000, 1),
(234, 225, 16, 999000, 1),
(235, 226, 11, 7115500, 1),
(236, 227, 15, 389000, 4),
(237, 228, 4, 864000, 8),
(238, 229, 4, 864000, 7),
(239, 230, 15, 389000, 1),
(240, 232, 11, 7115500, 1),
(241, 246, 5, 399000, 1),
(242, 247, 5, 399000, 1),
(243, 248, 10, 1999600, 1),
(244, 249, 16, 999000, 1),
(245, 251, 15, 389000, 1),
(246, 252, 14, 6390000, 1),
(247, 253, 14, 6390000, 1),
(248, 255, 14, 6390000, 1),
(249, 258, 16, 999000, 1),
(250, 261, 16, 999000, 1),
(251, 262, 15, 389000, 1),
(252, 263, 15, 389000, 1),
(253, 264, 16, 999000, 1),
(254, 265, 16, 999000, 1),
(255, 266, 14, 6390000, 1),
(256, 267, 14, 6390000, 1),
(257, 268, 14, 6390000, 1),
(258, 269, 14, 6390000, 1),
(259, 270, 15, 389000, 1),
(260, 271, 11, 7115500, 1),
(261, 272, 11, 7115500, 4),
(262, 273, 7, 499000, 1),
(263, 274, 11, 7115500, 1),
(264, 275, 15, 389000, 1),
(265, 276, 16, 999000, 1),
(266, 277, 11, 7115500, 1),
(267, 278, 11, 7115500, 1),
(268, 279, 15, 389000, 5),
(269, 279, 10, 1999600, 1),
(270, 279, 3, 8999000, 1),
(271, 279, 2, 5400000, 1),
(272, 280, 4, 864000, 1),
(273, 280, 11, 7115500, 1),
(274, 280, 3, 8999000, 1),
(275, 280, 12, 7504050, 1),
(276, 281, 4, 864000, 1),
(277, 281, 11, 7115500, 1),
(278, 281, 3, 8999000, 1),
(279, 281, 12, 7504050, 1),
(280, 281, 14, 6390000, 1),
(281, 282, 4, 864000, 1),
(282, 282, 11, 7115500, 1),
(283, 282, 3, 8999000, 1),
(284, 282, 12, 7504050, 2),
(285, 282, 14, 6390000, 1),
(286, 283, 16, 999000, 3),
(287, 284, 15, 389000, 1),
(288, 285, 12, 7504050, 1),
(289, 285, 11, 7115500, 1),
(290, 285, 10, 1999600, 1),
(291, 285, 13, 9214050, 1),
(292, 286, 12, 7504050, 1),
(293, 286, 11, 7115500, 1),
(294, 286, 10, 1999600, 1),
(295, 286, 13, 9214050, 1);

-- --------------------------------------------------------

--
-- Table structure for table `products`
--

CREATE TABLE `products` (
  `id` int NOT NULL,
  `name` varchar(255) COLLATE utf8mb4_general_ci NOT NULL,
  `image` varchar(255) COLLATE utf8mb4_general_ci NOT NULL,
  `price` bigint NOT NULL,
  `quantity` int NOT NULL,
  `description` text COLLATE utf8mb4_general_ci NOT NULL,
  `status` tinyint(1) NOT NULL DEFAULT '1',
  `category_id` int NOT NULL
) ENGINE=InnoDB DEFAULT CHARSET=utf8mb4 COLLATE=utf8mb4_general_ci;

--
-- Dumping data for table `products`
--

INSERT INTO `products` (`id`, `name`, `image`, `price`, `quantity`, `description`, `status`, `category_id`) VALUES
(1, 'Nệm cao su đa tầng Goodnight Rena vững chắc, thông thoáng dày 10cm', 'assets/images/producteO8vuut6oOcAWSIyarLJVwXZgNcrtT4ZtxUzcI29_1731906020.webp', 2099000, 48, ' Nệm cao su đa tầng Goodnight Rena được trang bị công nghệ Hybrid Latex tiên tiến, mang đến sự kết hợp hoàn hảo giữa sự hỗ trợ, thoải mái và độ bền.', 1, 6),
(2, 'Nệm cao su thiên nhiên Gummi Classic thế hệ mới dày 5/10/15cm', 'assets/images/producteO8vuut6oOcAWSIyarLJVwXZgNcrtT4ZtxUzcI29_1731906020.webp', 5400000, 44, 'Được coi là mẫu nệm kinh điển theo mọi thời gian, nệm cao su Gummi Classic hội tụ đầy đủ tất cả các tiêu chuẩn bạn mong đợi về chiếc nệm cao su. Bạn có thể hoàn toàn thoải mái và an tâm khi thả lỏng cơ thể trên chiếc nệm 100% thiên nhiên không có tạp chất.', 1, 6),
(3, 'Nệm Nhật Bản Aeroflow Standard nâng đỡ cơ thể dày 12cm', 'assets/images/product7dp4ipR2F8Iiu9SWGM14bZuljrsj8XztBxOnItHI.webp', 8999000, 56, 'Là nghiên cứu độc quyền dành cho người có vấn đề xương khớp, nệm Aeroflow Standard sở hữu chất liệu foam đặc biệt Mixel Cube tạo độ êm ái như khi sử dụng nệm cao su.', 1, 6),
(4, 'Bộ ga chun chăn chần bốn mùa Goodnight Mori 4 Chi Tiết (chỉ bán Online)', 'assets/images/product7B5zQBdyDlSEvE42mL4nlJ1VPBiXlJoXThj5pRdo.webp', 864000, 102, 'Bộ Ga chun Goodnight Mori chính là điều bạn cần! Với sắc màu năng động, tươi trẻ và chất liệu Microfiber cải tiến mềm mịn, nâng niu giấc ngủ, Goodnight Mori có đủ yếu tố mà bạn đang kiếm tìm.', 1, 7),
(5, 'Chăn bốn mùa micro satin Goodnight Mori (chỉ bán Online)', 'assets/images/productMzyWcVO0DO93kBd2F9IfUBFqS4AugSeYlXgIFi6T.webp', 399000, 194, 'Một người bạn đồng hành luôn bên bạn mọi lúc, chăn chần Goodnight Mori với thiết kế gọn nhẹ để bạn dễ dàng mang theo mọi lúc mọi nơi. Sợi vải Miro Satin có độ bóng nhẹ không gây cảm giác thô ráp, khó chịu khi tiếp xúc trên da.', 1, 7),
(6, 'Bộ Ga chun bốn mùa micro satin Goodnight Mori 3 Chi tiết (Chỉ Bán Online)', 'assets/images/productNYBJ40BXkY3BspGwpgvn4Iyf8TKsF5zDeMHGYYOo.webp', 400000, 230, 'Đắn đo tìm kiếm sản phẩm chăn ga chất lượng tốt, thiết kế đẹp, giá thành phải chăng? Bộ Ga chun Goodnight Mori chính là điều bạn cần! Với sắc màu năng động, tươi trẻ và chất liệu Microfiber cải tiến mềm mịn, nâng niu giấc ngủ, Goodnight Mori có đủ yếu tố mà bạn đang kiếm tìm.', 1, 9),
(7, 'Bộ ga chun polyester gấm Amando Ellie đơn sắc 4 chi tiết Màu Xám', 'assets/images/productO6sAHL90kQlKVAiz3azxTLqbP5mrLZcTUmUj5pMJ.webp', 499000, 122, 'Bộ Ga chun Amando Ellie ứng dụng kỹ thuật dệt Jacquard từ loại vải Polyester giúp sản phẩm trở nên bền chắc nhưng vẫn mềm mại và đảm bảo không phai màu trong quá trình sử dụng.', 1, 9),
(8, 'Gối foam Comfy Sofy công thái học', 'assets/images/productfUW9RoIa8NWglWD4SighLk9U1VwNEH2ZgLlz2H0i_1731664857.webp', 369000, 300, 'Đau đầu, đau cổ vai gáy mỗi khi ngủ dậy chính là hệ quả của việc sử dụng gối kém chất lượng, không phù hợp với tư thế nằm... Đối với người có các bệnh về xương khớp', 1, 9),
(9, 'Nệm lò xo Amando Elite Original túi độc lập tiêu chuẩn khách sạn 5 sao dày 23cm', 'assets/images/productfiNA4DAKiJ9TeLTij7cDLx0GZnSqk85WCf4aHlBS.webp', 4450000, 120, 'Amando Elite Original là dòng nệm lò xo mang đến trải nghiệm thoải mái trong mỗi giấc ngủ nhờ hệ thống thoáng khí kết hợp cùng hệ thống khung lò xo túi độc lập hỗ trợ chuyển động và bảo vệ sức khỏe khi sử dụng.\r\n', 1, 6),
(10, 'Nệm foam Nhật Goodnight Osaka massage lượn sóng dày 9cm', 'assets/images/productepYV74QR19yMdyWRwpzJr5Zy0wgj3ICmXfhj6gUP.webp', 1999600, 1196, 'Nệm Massage Nhật Bản Goodnight Osaka là dòng nệm phù hợp với người lớn tuổi, mẹ bầu và những người gặp vấn đề về cột sống nhờ khả năng nâng đỡ, duy trì tư thế tự nhiên của cột sống', 1, 6),
(11, 'Giường gỗ sồi Amando Padova', 'assets/images/productBuD9KVdAuovqXtTQkZNqjPlogmh8wihDNOdRk3tt.webp', 7115500, 124, 'Giường Amando Padova làm từ chất liệu gỗ tự nhiên như gỗ sồi được nhiều người “săn đón” bởi chất lượng cao, độ bền và vẻ đẹp thanh lịch, tối giản phù hợp với lối sống hiện đại.', 1, 8),
(12, 'Giường gỗ sồi Amando Apollo', 'assets/images/productUFD3SA0I33PwjL9oXFBhu8JZwfKx3jZAlBBXET7f.webp', 7504050, 314, 'Amando Apollo là sản phẩm giường chất lượng cao được làm từ nguyên liệu gỗ nhập khẩu từ Mỹ, có khả năng chống cong vênh và mối mọt tốt trong quá trình sử dụng. Kết hợp gam màu nâu nhạt trang nhã, sản phẩm góp phần tô điểm cho gian phòng ngủ thêm thanh lịch và ấm cúng.\r\n', 1, 8),
(13, 'Giường gỗ cao su Amando Demeter', 'assets/images/productIOq6I4dTWHvznUkuUCKLDJbJrSVWZtlpJXn313Ob.webp', 9214050, 57, 'Amando Demeter là sản phẩm giường gỗ cao su cao cấp có kết cấu vững chãi, cùng khả năng chống thấm cao, tránh mối mọt. Giường được bố trí các kệ nhỏ tiện nghi, kết hợp những đường nét sang trọng với gam màu nâu thanh lịch, tạo vẻ đẹp hiện đại và tinh tế.', 1, 8),
(14, 'Bộ chăn ga phủ chần Lụa Tencel cao cấp Amando Élan 5 chi tiết TC002', 'assets/images/productqrLtIMpVOUFkmBY952k3mpBLwpKX7LcPgOhNN1rE.webp', 6390000, 111, 'Bộ chăn ga phủ chần Lụa Tencel cao cấp Amando Élan được làm từ 100% Tencel mềm mịn và thoáng khí vượt trội cùng thiết kế sang trọng thanh lịch, nâng tầm không gian ngủ cho gia chủ.', 1, 7),
(15, 'Bộ ga chun tencel cao cấp Goodnight Airsilk (chỉ bán Online)', 'assets/images/productLsv2ws3vALLqN5Ha8SYNE7TNu3Ac7mvBxymw5OKI.webp', 389000, 303, 'Thổi một làn gió mới vào phòng ngủ của bạn, Goodnight AirSilk mang đến những trải nghiệm, cảm xúc mới đầy sức sống. Với tỷ lệ 55% sợi vải Tencel và 45% vải Polyester.', 1, 7),
(16, 'Bộ chăn ga chun tencel cao cấp Goodnight Airsilk (chỉ bán Online)', 'assets/images/productPxEXofrdOjRnf3uIxEefWRs7N63mwUthQeOjG3PT.webp', 999000, 127, 'Thổi một làn gió mới vào phòng ngủ của bạn, Goodnight AirSilk mang đến những trải nghiệm, cảm xúc mới đầy sức sống. Với tỷ lệ 55% sợi vải Tencel và 45% vải Polyester sản phẩm mang lại cảm giác êm mịn dễ chịu .', 1, 7),
(17, 'Bộ chăn ga Goodnight Bamboo mềm mại, thoáng mát (chỉ bán Online)', 'assets/images/product8V73tK5iFiPvyWLbUspvD0Pa0OJsWPSDH3VUBIcg.webp', 599000, 400, 'Được thiết kế trên chất liệu vải mềm mại, bộ chăn ga Goodnight Bamboo đem lại cảm giác êm ái, thoáng mát cho người sử dụng. Bên cạnh đó, họa tiết bắt mắt, màu sắc trang nhã cũng là một trong những điểm cộng lớn cho bộ sưu tập 2024 của Vua Nệm.', 0, 7);

-- --------------------------------------------------------

--
-- Table structure for table `users`
--

CREATE TABLE `users` (
  `id` int NOT NULL,
  `fullname` varchar(150) COLLATE utf8mb4_general_ci NOT NULL,
  `username` varchar(199) COLLATE utf8mb4_general_ci NOT NULL,
  `password` varchar(199) COLLATE utf8mb4_general_ci NOT NULL,
  `email` varchar(199) COLLATE utf8mb4_general_ci NOT NULL,
  `image` varchar(255) COLLATE utf8mb4_general_ci DEFAULT '/assets/images/account.png',
  `phone` varchar(15) COLLATE utf8mb4_general_ci DEFAULT NULL,
  `address` varchar(255) COLLATE utf8mb4_general_ci DEFAULT NULL,
  `role` enum('admin','user') COLLATE utf8mb4_general_ci DEFAULT 'user',
  `created_at` timestamp NOT NULL DEFAULT CURRENT_TIMESTAMP,
  `updated_at` timestamp NOT NULL DEFAULT CURRENT_TIMESTAMP
) ENGINE=InnoDB DEFAULT CHARSET=utf8mb4 COLLATE=utf8mb4_general_ci;

--
-- Dumping data for table `users`
--

INSERT INTO `users` (`id`, `fullname`, `username`, `password`, `email`, `image`, `phone`, `address`, `role`, `created_at`, `updated_at`) VALUES
(1, 'PHAM MINH HIEU', '', '$2y$10$DfqyxcpANpDqWLlg4WxkWOqhx/LnhL4SztGAmm/y.xJFScYqeCCVu', 'hieupham08111@gmail.com', '', '0372867296', 'Viet Nam, Ha Noi', NULL, '2024-11-19 03:00:06', '2024-12-05 11:32:55'),
(6, 'admin', '', '$2y$10$3NardN92FPAXXKzQGJcs2uH8.G2CHF6dofAghNvJobIH4xw4O6zbS', 'admin@gmail.com', '', '', '', 'admin', '2024-11-19 16:20:23', '2024-12-04 13:59:10'),
(9, 'PhamHieu', '', '$2y$10$.bwB6VN6M6ztGLmnBm6vgOs.vFlkHc0wxklz60GOTamadSw85FZmW', 'hieu2@gmail.com', '', '', '', NULL, '2024-11-21 16:57:17', '2024-12-04 05:35:27'),
(10, 'Khánh Admin', 'khanh', '$2y$10$x3oXxQ6D/9C3att9tbHYzeGiVSw8Q7Or8Z/reNW1hpntc2tF9z1pC', 'qkbn2001@gmail.com', '/assets/images/account.png', NULL, NULL, NULL, '2024-11-25 18:42:26', '2024-11-25 18:42:26'),
(12, 'Ngô Quang Trường', '', '$2y$10$Ni5UsvcXFS/I18/eFWNnle.d3t0EDaP2vZFps4OdO4SJ.Zf8.cCNO', 'truong@gmail.com', '', '0392252233', '123 phường xuân phương, nam từ liên, Hà Nội', NULL, '2024-11-30 20:55:18', '2024-12-01 02:31:43'),
(13, 'user', '', '$2y$10$i4RTdIanPWYXPEs2YtwpBepKvy4GXfex5keD0oDfQcTojsQVMwUvS', 'hieu@gmail.com', '', '', '', NULL, '2024-12-01 23:49:25', '2024-12-04 14:06:01'),
(14, 'PHAM MINH HIEU', '', '$2y$10$TT3JtDILtfJi8inpCW70Qe2NpyVcI28/NrQ/sq634nePaJ3P6gGYa', 'user2@gmail.com', '', '0372867296', 'Viet Nam, Ha Noi', NULL, '2024-12-04 06:10:30', '2024-12-05 07:46:14'),
(15, 'PHAM MINH HIEU', '', '$2y$10$u4jGNOlrpZ0sH/Y0L5ZJROyArMj3qqNds9rGTHi3LL9zR7UwM1MEi', 'user@gmail.com', '', '', '', NULL, '2024-12-04 14:08:42', '2024-12-04 14:10:39'),
(16, 'PHAM MINH HIEU', '', '$2y$10$9RX4o09Y4EMFz79Cfn2M2uAbkDeMCrhJgo15nujCNc9KxSnmhV0Em', 'hieuphadsm08111@gmail.com', '', '', '', NULL, '2024-12-04 14:09:54', '2024-12-05 03:40:28');

-- --------------------------------------------------------

--
-- Table structure for table `vnpay`
--

CREATE TABLE `vnpay` (
  `id` int NOT NULL,
  `order_id` int NOT NULL,
  `amount` bigint NOT NULL,
  `bank_code` varchar(100) COLLATE utf8mb4_general_ci NOT NULL,
  `bank_tranno` varchar(256) COLLATE utf8mb4_general_ci NOT NULL,
  `card_type` varchar(256) COLLATE utf8mb4_general_ci NOT NULL,
  `order_info` varchar(256) COLLATE utf8mb4_general_ci NOT NULL,
  `paydate` varchar(256) COLLATE utf8mb4_general_ci NOT NULL,
  `tmn_code` varchar(256) COLLATE utf8mb4_general_ci NOT NULL,
  `transaction_no` varchar(256) COLLATE utf8mb4_general_ci NOT NULL
) ENGINE=InnoDB DEFAULT CHARSET=utf8mb4 COLLATE=utf8mb4_general_ci;

--
-- Dumping data for table `vnpay`
--

INSERT INTO `vnpay` (`id`, `order_id`, `amount`, `bank_code`, `bank_tranno`, `card_type`, `order_info`, `paydate`, `tmn_code`, `transaction_no`) VALUES
(39, 190, 419800000, 'NCB', 'VNP14719997', 'ATM', 'Thanh toán đơn hàng #190', '20241204194721', '58KTWJDD', '14719997'),
(40, 190, 419800000, 'NCB', 'VNP14719997', 'ATM', 'Thanh toán đơn hàng #190', '20241204194721', '58KTWJDD', '14719997'),
(41, 190, 419800000, 'NCB', 'VNP14719997', 'ATM', 'Thanh toán đơn hàng #190', '20241204194721', '58KTWJDD', '14719997'),
(42, 190, 419800000, 'NCB', 'VNP14719997', 'ATM', 'Thanh toán đơn hàng #190', '20241204194721', '58KTWJDD', '14719997'),
(43, 190, 419800000, 'NCB', 'VNP14719997', 'ATM', 'Thanh toán đơn hàng #190', '20241204194721', '58KTWJDD', '14719997'),
(44, 190, 419800000, 'NCB', 'VNP14719997', 'ATM', 'Thanh toán đơn hàng #190', '20241204194721', '58KTWJDD', '14719997'),
(45, 190, 419800000, 'NCB', 'VNP14719997', 'ATM', 'Thanh toán đơn hàng #190', '20241204194721', '58KTWJDD', '14719997'),
(46, 190, 419800000, 'NCB', 'VNP14719997', 'ATM', 'Thanh toán đơn hàng #190', '20241204194721', '58KTWJDD', '14719997'),
(47, 190, 419800000, 'NCB', 'VNP14719997', 'ATM', 'Thanh toán đơn hàng #190', '20241204194721', '58KTWJDD', '14719997'),
(48, 190, 419800000, 'NCB', 'VNP14719997', 'ATM', 'Thanh toán đơn hàng #190', '20241204194721', '58KTWJDD', '14719997'),
(49, 190, 419800000, 'NCB', 'VNP14719997', 'ATM', 'Thanh toán đơn hàng #190', '20241204194721', '58KTWJDD', '14719997'),
(50, 190, 419800000, 'NCB', 'VNP14719997', 'ATM', 'Thanh toán đơn hàng #190', '20241204194721', '58KTWJDD', '14719997'),
(51, 190, 419800000, 'NCB', 'VNP14719997', 'ATM', 'Thanh toán đơn hàng #190', '20241204194721', '58KTWJDD', '14719997'),
(52, 190, 419800000, 'NCB', 'VNP14719997', 'ATM', 'Thanh toán đơn hàng #190', '20241204194721', '58KTWJDD', '14719997'),
(53, 190, 419800000, 'NCB', 'VNP14719997', 'ATM', 'Thanh toán đơn hàng #190', '20241204194721', '58KTWJDD', '14719997'),
(54, 190, 419800000, 'NCB', 'VNP14719997', 'ATM', 'Thanh toán đơn hàng #190', '20241204194721', '58KTWJDD', '14719997'),
(55, 190, 419800000, 'NCB', 'VNP14719997', 'ATM', 'Thanh toán đơn hàng #190', '20241204194721', '58KTWJDD', '14719997'),
(56, 190, 419800000, 'NCB', 'VNP14719997', 'ATM', 'Thanh toán đơn hàng #190', '20241204194721', '58KTWJDD', '14719997'),
(57, 190, 419800000, 'NCB', 'VNP14719997', 'ATM', 'Thanh toán đơn hàng #190', '20241204194721', '58KTWJDD', '14719997'),
(58, 190, 419800000, 'NCB', 'VNP14719997', 'ATM', 'Thanh toán đơn hàng #190', '20241204194721', '58KTWJDD', '14719997'),
(59, 192, 1279205000, 'NCB', 'VNP14720119', 'ATM', 'Thanh toán đơn hàng #192', '20241204203425', '58KTWJDD', '14720119'),
(60, 203, 750405000, 'NCB', 'VNP14720200', 'ATM', 'Thanh toán đơn hàng #203', '20241204205926', '58KTWJDD', '14720200'),
(61, 204, 38900000, 'NCB', 'VNP14720240', 'ATM', 'Thanh toán đơn hàng #204', '20241204210618', '58KTWJDD', '14720240'),
(62, 206, 39900000, 'NCB', 'VNP14720258', 'ATM', 'Thanh toán đơn hàng #206', '20241204211057', '58KTWJDD', '14720258'),
(63, 207, 1061250000, 'NCB', 'VNP14721484', 'ATM', 'Thanh toán đơn hàng #207', '20241205104051', '58KTWJDD', '14721484'),
(64, 232, 711550000, 'NCB', 'VNP14721789', 'ATM', 'Thanh toán đơn hàng #232', '20241205124517', '58KTWJDD', '14721789'),
(65, 249, 99900000, 'NCB', 'VNP14721908', 'ATM', 'Thanh toán đơn hàng #249', '20241205133502', '58KTWJDD', '14721908'),
(66, 253, 639000000, 'VNPAY', '', 'QRCODE', 'Thanh toán đơn hàng #253', '20241205133725', '58KTWJDD', '0'),
(67, 253, 639000000, 'VNPAY', '', 'QRCODE', 'Thanh toán đơn hàng #253', '20241205133725', '58KTWJDD', '0'),
(68, 277, 711550000, 'NCB', 'VNP14722847', 'ATM', 'Thanh toán đơn hàng #277', '20241205180401', '58KTWJDD', '14722847'),
(69, 278, 711550000, 'NCB', 'VNP14722856', 'ATM', 'Thanh toán đơn hàng #278', '20241205180855', '58KTWJDD', '14722856'),
(70, 278, 711550000, 'NCB', 'VNP14722856', 'ATM', 'Thanh toán đơn hàng #278', '20241205180855', '58KTWJDD', '14722856'),
(71, 278, 711550000, 'NCB', 'VNP14722856', 'ATM', 'Thanh toán đơn hàng #278', '20241205180855', '58KTWJDD', '14722856'),
(72, 283, 299700000, 'NCB', 'VNP14722890', 'ATM', 'Thanh toán đơn hàng #283', '20241205182824', '58KTWJDD', '14722890'),
(73, 284, 38900000, 'NCB', 'VNP14722894', 'ATM', 'Thanh toán đơn hàng #284', '20241205182940', '58KTWJDD', '14722894'),
(74, 284, 38900000, 'NCB', 'VNP14722894', 'ATM', 'Thanh toán đơn hàng #284', '20241205182940', '58KTWJDD', '14722894'),
(75, 286, 2583320000, 'NCB', 'VNP14722899', 'ATM', 'Thanh toán đơn hàng #286', '20241205183309', '58KTWJDD', '14722899');

--
-- Indexes for dumped tables
--

--
-- Indexes for table `categories`
--
ALTER TABLE `categories`
  ADD PRIMARY KEY (`id`);

--
-- Indexes for table `comments`
--
ALTER TABLE `comments`
  ADD PRIMARY KEY (`id`),
  ADD KEY `product_id` (`product_id`),
  ADD KEY `user_id` (`user_id`);

--
-- Indexes for table `orders`
--
ALTER TABLE `orders`
  ADD PRIMARY KEY (`id`);

--
-- Indexes for table `order_details`
--
ALTER TABLE `order_details`
  ADD PRIMARY KEY (`id`);

--
-- Indexes for table `products`
--
ALTER TABLE `products`
  ADD PRIMARY KEY (`id`);

--
-- Indexes for table `users`
--
ALTER TABLE `users`
  ADD PRIMARY KEY (`id`);

--
-- Indexes for table `vnpay`
--
ALTER TABLE `vnpay`
  ADD PRIMARY KEY (`id`);

--
-- AUTO_INCREMENT for dumped tables
--

--
-- AUTO_INCREMENT for table `categories`
--
ALTER TABLE `categories`
  MODIFY `id` int NOT NULL AUTO_INCREMENT, AUTO_INCREMENT=13;

--
-- AUTO_INCREMENT for table `comments`
--
ALTER TABLE `comments`
  MODIFY `id` int NOT NULL AUTO_INCREMENT, AUTO_INCREMENT=41;

--
-- AUTO_INCREMENT for table `orders`
--
ALTER TABLE `orders`
  MODIFY `id` int NOT NULL AUTO_INCREMENT, AUTO_INCREMENT=287;

--
-- AUTO_INCREMENT for table `order_details`
--
ALTER TABLE `order_details`
  MODIFY `id` int NOT NULL AUTO_INCREMENT, AUTO_INCREMENT=296;

--
-- AUTO_INCREMENT for table `products`
--
ALTER TABLE `products`
  MODIFY `id` int NOT NULL AUTO_INCREMENT, AUTO_INCREMENT=18;

--
-- AUTO_INCREMENT for table `users`
--
ALTER TABLE `users`
  MODIFY `id` int NOT NULL AUTO_INCREMENT, AUTO_INCREMENT=17;

--
-- AUTO_INCREMENT for table `vnpay`
--
ALTER TABLE `vnpay`
  MODIFY `id` int NOT NULL AUTO_INCREMENT, AUTO_INCREMENT=76;

--
-- Constraints for dumped tables
--

--
-- Constraints for table `comments`
--
ALTER TABLE `comments`
  ADD CONSTRAINT `comments_ibfk_1` FOREIGN KEY (`product_id`) REFERENCES `products` (`id`) ON DELETE CASCADE,
  ADD CONSTRAINT `comments_ibfk_2` FOREIGN KEY (`user_id`) REFERENCES `users` (`id`) ON DELETE SET NULL;
COMMIT;

/*!40101 SET CHARACTER_SET_CLIENT=@OLD_CHARACTER_SET_CLIENT */;
/*!40101 SET CHARACTER_SET_RESULTS=@OLD_CHARACTER_SET_RESULTS */;
/*!40101 SET COLLATION_CONNECTION=@OLD_COLLATION_CONNECTION */;
